attribute_id,rarity,name,gear_type,Tier,effect_type,value,skill_element,hp_condition
earth-damage-1,Rare,Earth Damage I,weapon,1,skill_damage,5,earth,
ice-damage-1,Rare,Ice Damage I,weapon,1,skill_damage,5,ice,
nature-damage-1,Rare,Nature Damage I,weapon,1,skill_damage,5,grass,
water-damage-1,Rare,Water Damage I,weapon,1,skill_damage,5,water,
fire-damage-1,Rare,Fire Damage I,weapon,1,skill_damage,5,fire,
earth-resistance-1,Rare,Earth Resistance I,armor,1,skill_resistance,5,earth,
ice-resistance-1,Rare,Ice Resistance I,armor,1,skill_resistance,5,ice,
nature-resistance-1,Rare,Nature Resistance I,armor,1,skill_resistance,5,grass,
water-resistance-1,Rare,Water Resistance I,armor,1,skill_resistance,5,water,
fire-resistance-1,Rare,Fire Resistance I,armor,1,skill_resistance,5,fire,
earth-damage-2,Epic,Earth Damage II,weapon,2,skill_damage,12,earth,
ice-damage-2,Epic,Ice Damage II,weapon,2,skill_damage,12,ice,
nature-damage-2,Epic,Nature Damage II,weapon,2,skill_damage,12,grass,
water-damage-2,Epic,Water Damage II,weapon,2,skill_damage,12,water,
fire-damage-2,Epic,Fire Damage II,weapon,2,skill_damage,12,fire,
all-damage-1,Epic,All Damage I,weapon,1,skill_damage,10,,
earth-resistance-2,Epic,Earth Resistance II,armor,2,skill_resistance,11,earth,
ice-resistance-2,Epic,Ice Resistance II,armor,2,skill_resistance,11,ice,
nature-resistance-2,Epic,Nature Resistance II,armor,2,skill_resistance,11,grass,
water-resistance-2,Epic,Water Resistance II,armor,2,skill_resistance,11,water,
fire-resistance-2,Epic,Fire Resistance II,armor,2,skill_resistance,11,fire,
all-resistances-1,Epic,All Resistances I,armor,1,skill_resistance,9,,
shield-breaker-1,Epic,Shield Breaker 1,weapon,1,shield_damage,12,,
first-aid-kit-1,Epic,First Aid Kit I,armor,1,heal_effectiveness,12,,
reinforced-shield-1,Epic,Reinforced Shield 1,armor,1,shield_effectiveness,12,,
earth-damage-3,Legendary,Earth Damage III,weapon,3,skill_damage,18,earth,
ice-damage-3,Legendary,Ice Damage III,weapon,3,skill_damage,18,ice,
nature-damage-3,Legendary,Nature Damage III,weapon,3,skill_damage,18,grass,
water-damage-3,Legendary,Water Damage III,weapon,3,skill_damage,18,water,
fire-damage-3,Legendary,Fire Damage III,weapon,3,skill_damage,18,fire,
all-damage-2,Legendary,All Damage II,weapon,2,skill_damage,15,,
earth-resistance-3,Legendary,Earth Resistance III,armor,3,skill_resistance,15,earth,
ice-resistance-3,Legendary,Ice Resistance III,armor,3,skill_resistance,15,ice,
nature-resistance-3,Legendary,Nature Resistance III,armor,3,skill_resistance,15,grass,
water-resistance-3,Legendary,Water Resistance III,armor,3,skill_resistance,15,water,
fire-resistance-3,Legendary,Fire Resistance III,armor,3,skill_resistance,15,fire,
all-resistances-2,Legendary,All Resistances II,armor,2,skill_resistance,13,,
last-stand-stance,Legendary,Last Stand Stance,weapon,,skill_damage,45,,<20
dominance,Legendary,Dominance,weapon,,skill_damage,30,,>75
unyielding,Legendary,Unyielding,armor,,skill_resistance,32,,<25
thick-hide,Legendary,Thick Hide,armor,,skill_resistance,23,,>75
life-siphon,Secret,Life Siphon,weapon,,life_steal,10,,
rude-awakening,Secret,Rude Awakening,weapon,,damage_double,5,,
dual-cast,Secret,Dual Cast,weapon,,cooldown_skip,15,,
damage-redirect,Secret,Damage Redirect,armor,,damage_redirect,15,,
moment-of-serenity,Secret,Moment of Serenity,armor,,damage_immunity,2,,
healing-pulse,Secret,Healing Pulse,armor,,healing_pulse,1.5,,