monster_id,skill_id,skill_slot,skill_element
dummee,air-bullet,1,common
leafet,seed-grenade,1,grass
wattoad,water-jet,1,water
treemo,seed-grenade,1,grass
flamix,fireball,1,fire
flamix,air-bullet,2,common
puffu,water-jet,1,water
puffu,wind-disc,2,common
candlechick,air-bullet,1,common
candlechick,fireball,2,fire
santadumi,air-bullet,1,common
santadumi,candy-bomb,2,common
santacub,fireball,1,fire
santacub,gift-delivery,2,common
pricko,petal-dance,1,grass
pricko,root-spike,2,grass
aquron,water-cannon,1,water
aquron,water-jet,2,water
skedeer,air-bullet,1,common
skedeer,wind-disc,2,common
woodliz,grass-tornado,1,grass
woodliz,leaf-surge,2,grass
candlehawk,fire-tornado,1,fire
candlehawk,fireball,2,fire
zybit,ex-air-bullet,1,common
zybit,wind-disc,2,common
flarecub,wind-disc,1,common
flarecub,fire-tornado,2,fire
blazelord,fireball,1,fire
blazelord,fire-dash,2,fire
icevolf,iceball,1,ice
icevolf,wind-disc,2,common
frostoise,ex-water-jet,1,water
frostoise,claw-attack,2,common
fluffairy,ex-air-bullet,1,common
fluffairy,wind-disc,2,common
santafairy,gift-delivery,1,common
santafairy,candy-bomb,2,common
dreamtane,ex-air-bullet,1,common
dreamtane,wind-disc,2,common
dollfey,toxic-grenade,1,grass
dollfey,wind-disc,2,common
stonebara,rock-toss,1,ground
stonebara,gravel-scatter-shot,2,ground
pangard,ex-air-bullet,1,common
pangard,fireball,2,fire
pandleaf,grass-tornado,1,grass
pandleaf,galecut,2,grass
ringduck,tidal-conch,1,water
ringduck,wind-disc,2,common
shorefur,water-shuriken,1,water
shorefur,tidal-conch,2,water
sproutfox,toxic-grenade,1,grass
sproutfox,petal-dance,2,grass
terralion,earth-smash,1,ground
terralion,dash,2,common
noxicrow,wind-disc,1,common
noxicrow,fireball,2,fire
verdysaur,leaf-surge,1,grass
verdysaur,galecut,2,grass
bunshroom,rock-toss,1,ground
bunshroom,wind-disc,2,common
bunleaf,root-spike,1,grass
bunleaf,urgent-aid,2,common
leafmage,ex-seed-grenade,1,grass
leafmage,galecut,2,grass
boinglick,soul-reap-chain,1,common
boinglick,ex-water-jet,2,water
wickloom,fireball-ghost,1,fire
wickloom,wind-disc-purple,2,common
glowraith,frosty-dart,1,ice
glowraith,soul-reap-chain,2,common
spiralin,tidal-conch,1,water
spiralin,ex-water-jet,2,water
snoozeble,hydro-cannon,1,water
snoozeble,water-shuriken,2,water
bubbloo,ripple-guard,1,common
bubbloo,ex-water-jet,2,water
terratort,earth-smash,1,ground
terratort,rock-road,2,ground
santavolf,ex-candy-bomb,1,common
santavolf,iceball,2,ice
pyrowulf,fire-tornado,1,fire
pyrowulf,fire-dash,2,fire
noctane,air-bullet,1,common
noctane,wind-disc,2,common
ywendihoofs,ice-surge,1,ice
ywendihoofs,claw-attack,2,common
starshade,ice-road,1,ice
starshade,ex-iceball,2,ice
sproutusk,ex-seed-grenade,1,grass
sproutusk,ex-air-bullet,2,common
nightclaw,toxic-grenade,1,grass
nightclaw,ex-air-bullet,2,common
floradelle,solar-beam,1,grass
floradelle,petal-dance,2,grass
hydribbit,water-shuriken,1,water
hydribbit,water-jet,2,water
knockroo,fire-dash,1,fire
knockroo,fireball,2,fire
volcamel,fireball,1,fire
volcamel,rallying-war-cry-3-sec-50,2,fire
mistvolf,water-jet,1,water
mistvolf,ripple-guard,2,common
flamevolf,fireball,1,fire
flamevolf,rallying-war-cry-6-sec-50,2,fire
floravolf,seed-grenade,1,grass
floravolf,healing-pulse,2,grass
aurobull,dash,1,common
aurobull,ex-air-bullet,2,common
king-penguin,ex-water-jet,1,water
king-penguin,wind-disc,2,common
fanglo,dash,1,common
fanglo,fire-tornado,2,fire
weaslpash,tsunami,1,water
weaslpash,water-shuriken,2,water
walrusk,ice-road,1,ice
walrusk,ex-water-shuriken,2,water
deerleaf,wind-disc,1,common
deerleaf,leaf-surge,2,grass
mintwolf,root-spike,1,grass
mintwolf,grass-tornado,2,grass
nivisgon,ex-water-jet,1,water
nivisgon,ice-road,2,ice
tricerasteel,earth-smash,1,ground
tricerasteel,gravel-scatter-shot,2,ground
cloveria,grass-tornado,1,grass
cloveria,ex-seed-grenade,2,grass
shadecloak,barrier,1,common
shadecloak,soul-reap-chain,2,common
emberwolf,rallying-war-cry-6-sec-50,1,fire
emberwolf,fire-tornado,2,fire
jackpotron,egg-blast,1,common
jackpotron,egg-blast,2,common
sleetwolf,ripple-guard,1,common
sleetwolf,tsunami,2,water
rexie,rock-road,1,ground
rexie,gravel-whirlwind,2,ground
stumpfox,grass-tornado,1,grass
stumpfox,galecut,2,grass
strum-bones,demonic-lullaby,1,common
strum-bones,healing-pulse,2,grass
bone-guard,taunt,1,common
bone-guard,ghost-impact,2,common
meowl,ex-air-bullet,1,common
snoozepink,vortex-nova,1,water
snoozepink,water-shuriken,2,water
froxy,glacial-wall,1,ice
froxy,ice-road,2,ice
flaragon,claw-attack,1,common
flaragon,ex-fireball,2,fire
glazadon,frost-breath,1,ice
glazadon,ice-surge,2,ice
mountusk,ex-seed-grenade,1,grass
mountusk,healing-pulse,2,grass
frostbun,ex-iceball,1,ice
frostbun,ice-road,2,ice
flarecrest,inferno-maelstrom,1,fire
flarecrest,ex-fireball,2,fire
aquilune,ice-surge,1,ice
aquilune,ex-iceball,2,ice
frost-floradelle,solar-beam,1,grass
frost-floradelle,petal-dance,2,grass
puffmora,ex-candy-bomb,1,common
puffmora,ex-gift-delivery,2,common
puffmora,petal-dance,3,grass
pinecarol,ex-candy-bomb,1,common
pinecarol,ex-gift-delivery,2,common
pinecarol,leaf-surge,3,grass
gingerjoy,ex-candy-bomb,1,common
gingerjoy,ex-gift-delivery,2,common
rudolphin,ex-candy-bomb,1,common
rudolphin,ex-gift-delivery,2,common
shadeknight,ex-water-shuriken,1,water
shadeknight,water-pillar-blast,2,water
gildron,earth-smash,1,ground
gildron,ex-rock-toss,2,ground
flamespike,rallying-war-cry-6-sec-50,1,fire
flamespike,ex-fireball,2,fire
dustwing,barrier,1,common
dustwing,gravel-scatter-shot,2,ground
mistwing,wind-blast,1,common
mistwing,water-shuriken,2,water
emberwing,fireball,1,fire
emberwing,fire-tornado,2,fire
fernwing,galecut,1,grass
fernwing,healing-pulse,2,grass
snowwing,barrier,1,common
snowwing,frosty-dart,2,ice
iceplate,ice-road,1,ice
iceplate,ex-iceball,2,ice
voltagator,electric-beam,1,common
voltagator,ex-air-bullet,2,common
undine,healing-water-ball,1,water
undine,tsunami,2,water
tidevex,ex-water-shuriken,1,water
tidevex,ice-road,2,ice
woolhorn,wind-blast,1,common
woolhorn,dash,2,common
mechavolt,thunder-stun,1,common
mechavolt,void-orb,2,common
cobaltwing,frosty-dart,1,ice
cobaltwing,frozen-nova,2,ice
frostwyrm,frost-breath,1,ice
frostwyrm,frozen-nova,2,ice
liodan,fire-tornado,1,fire
liodan,firecracker-pop,2,fire
kitsunine,ex-fireball,1,fire
kitsunine,charming-wind,2,common
thunderjet,ion-blast,1,common
thunderjet,void-orb,2,common
psyber,lightning-thrust,1,common
psyber,violet-core-burst,2,common
dracospike,rock-road,1,ground
dracospike,ex-rock-toss,2,ground
ignisraptor,inferno-maelstrom,1,fire
ignisraptor,ex-fireball,2,fire
mintgloom,nether-fireball,1,fire
mintgloom,rallying-war-cry-3-sec-50,2,fire
netherdemon,soul-reap-chain,1,common
netherdemon,thorn-shield,2,common
toucan-birdman,wind-blast,1,common
toucan-birdman,urgent-aid,2,common
primothorn,galecut,1,grass
primothorn,root-spike,2,grass
abyssaldrake,fire-dragon-flame-blast,1,fire
abyssaldrake,crimson-burst,2,common
berrybun,egg-blast,1,common
bladetooth,sunder-taunt,1,ground
bladetooth,thorn-shield,2,common
thunderclaw,gravel-whirlwind,1,ground
thunderclaw,electro-nova,2,common
burrowbun,gravel-whirlwind,1,ground
burrowbun,rock-road,2,ground
aetherpanther,thunder-stun,1,common
aetherpanther,bale-breath,2,fire
crystalfae,vortex-nova,1,water
crystalfae,tsunami,2,water
magma-tortoise,flame-jet,1,fire
magma-tortoise,thorn-shield,2,common
stellar-sentinel,ghost-impact,1,common
stellar-sentinel,soul-reap-chain,2,common
lampyr,void-orb,1,common
lampyr,thunder-stun,2,common
umbra-reaver,lightning-storm-blue,1,common
umbra-reaver,lightning-thrust,2,common
lumen-knight,lightning-storm-purple,1,common
lumen-knight,lightning-thrust,2,common
jokaire,jokers-trick,1,common
jokaire,void-collapse,2,common
bull-lord,ghost-fireball,1,fire
bull-lord,earth-smash,2,ground
scareaper,reapers-crescents,1,common
scareaper,soul-reap-chain,2,common
magmorus,fire-tornado,1,fire
magmorus,blaze-blast,2,fire
gravion,dark-singularity,1,common
gravion,oblivion-beam,2,common
runegolem,ex-rock-toss,1,ground
runegolem,earth-smash,2,ground
crabblaze,fire-dragon-flame-blast,1,fire
crabblaze,inferno-maelstrom,2,fire
capshark,mighty-water-shuriken,1,water
capshark,tsunami,2,water
beatopus,deadly-sonic-wave,1,common
beatopus,ripple-guard,2,common
stormhorn,lightning-thrust,1,common
stormhorn,taunt,2,common
solgryph,scorching-fireball,1,fire
solgryph,fire-tornado,2,fire
violetaegis,lightning-storm-blue,1,common
violetaegis,void-orb,2,common
venofrog,tsunami,1,water
venofrog,poison-volley,2,fire
rainimp,soul-reap-chain,1,common
rainimp,healing-shuriken,2,water
vorturion,ghost-impact,1,common
vorturion,inferno-blast,2,common
sylvaris,root-spike,1,grass
sylvaris,urgent-aid,2,common
dragon-cannelloni,dragons-breath,1,fire
dragon-cannelloni,fireball,2,fire
flaragflora,grass-tornado,1,grass
flaragflora,solar-beam,2,grass
flaragfrost,ex-iceball,1,ice
flaragfrost,ice-surge,2,ice
flaragaqua,ex-water-jet,1,water
flaragaqua,ex-water-shuriken,2,water
glazadonbloom,solar-breath,1,grass
glazadonbloom,leaf-surge,2,grass
glazadonwave,water-breath,1,water
glazadonwave,ex-water-jet,2,water
glazadonflare,flame-breath,1,fire
glazadonflare,ex-fireball,2,fire
frostvolf,holy-aura-icevolf,1,common
frostvolf,ice-road,2,ice
frostvolf,ex-iceball,3,ice
frostusk,ice-road,1,ice
frostusk,ex-iceball,2,ice
volctusk,inferno-maelstrom,1,fire
volctusk,ex-fireball,2,fire
terratops,barrier,1,common
terratops,earth-smash,2,ground
frostbound-knight,ice-road,1,ice
frostbound-knight,ex-iceball,2,ice
flame-knight,ex-fireball,1,fire
flame-knight,rallying-war-cry-3-sec-50,2,fire
verdant-knight,root-spike,1,grass
verdant-knight,galecut,2,grass
stoneward-knight,ex-rock-toss,1,ground
stoneward-knight,barrier,2,common
leafane,root-spike,1,grass
leafane,healing-pulse,2,grass
glacane,ex-iceball,1,ice
glacane,ice-surge,2,ice
folirabbit,galecut,1,grass
folirabbit,leaf-surge,2,grass
mudbit,gravel-scatter-shot,1,ground
mudbit,barrier,2,common
inferron,inferno-maelstrom,1,fire
inferron,inferno-smash,2,fire
mossron,root-spike,1,grass
mossron,root-slam,2,grass
glaciron,glacial-smash,1,ice
glaciron,ex-iceball,2,ice
blazevex,fire-dash,1,fire
blazevex,inferno-maelstrom,2,fire
bramblevex,root-spike,1,grass
bramblevex,healing-pulse,2,grass
geogator,earth-smash,1,ground
geogator,ex-rock-toss,2,ground
glacigator,frost-beam,1,ice
glacigator,ex-iceball,2,ice
blazewyrm,inferno-maelstrom,1,fire
blazewyrm,ex-fireball,2,fire
spinewyrm,healing-pulse,1,grass
spinewyrm,galecut,2,grass
marigon,mighty-water-shuriken,1,water
marigon,healing-water-ball,2,water
cinderine,fire-tornado,1,fire
cinderine,fire-dash,2,fire
tellurine,rock-road,1,ground
tellurine,barrier,2,common
dracovine,healing-pulse,1,grass
dracovine,leaf-surge,2,grass
dracosleet,ice-road,1,ice
dracosleet,frozen-nova,2,ice
nightveil,the-ring,1,common
nightveil,soul-reap-chain,2,common
diabvok,rallying-war-cry-6-sec-50,1,fire
diabvok,fire-dragon-flame-blast,2,fire
terravok,rock-road,1,ground
terravok,barrier,2,common
rubywing,ex-fireball,1,fire
rubywing,inferno-maelstrom,2,fire
lazuliwing,tsunami,1,water
lazuliwing,ex-water-shuriken,2,water
hornrexie,mighty-rock-toss,1,ground
hornrexie,rallying-war-cry-6-sec-40-self-70,2,ground
glacierclaw,ice-road,1,ice
glacierclaw,ex-iceball,2,ice
mossclaw,healing-pulse,1,grass
mossclaw,galecut,2,grass
ignilampyr,rallying-war-cry-6-sec-50,1,fire
ignilampyr,fire-tornado,2,fire
terrampyr,gravel-whirlwind,1,ground
terrampyr,earth-smash,2,ground
dumplorer,egg-blast,1,common
dumplorer,jokers-trick,2,common
psyflora,grass-tornado,1,grass
psyflora,root-spike,2,grass
glaciber,ex-iceball,1,ice
glaciber,ripple-guard,2,common
flaragblaze,inferno-maelstrom,1,fire
flaragblaze,ex-fireball,2,fire
glazadonfroz,frost-breath,1,ice
glazadonfroz,ice-surge,2,ice
glazadonfroz,ice-road,3,ice
fire-dragon-cannelloni,dragons-breath,1,fire
fire-dragon-cannelloni,fireball,2,fire
necro-dragon-cannelloni,dragons-breath-ghost,1,fire
necro-dragon-cannelloni,fireball-ghost,2,fire
titanusk,holy-aura-titan-tusk,1,common
titanusk,grass-tornado,2,grass
titanusk,leaf-surge,3,grass
eclipse-knight,bloodthirsty-aura,1,common
eclipse-knight,reapers-crescents,2,common
eclipse-knight,void-orb,3,common
lunavox,wind-disc-purple,1,common
lunavox,lunar-taunt,2,common
lunavox,lunar-heal,3,common
hydrolope,mighty-water-shuriken,1,water
hydrolope,tsunami,2,water
solron,titan-slam,1,ground
solron,ex-rock-toss,2,ground
scythewing,galemoon-blade,1,common
scythewing,crimson-burst,2,common
celestide,healing-water-ball,1,water
celestide,icicle-prison,2,ice
doomgator,inferno-blast,1,common
doomgator,bloodthirsty-aura,2,common
frostiel,void-collapse,1,common
frostiel,soul-reap-chain,2,common
steamforge,blaze-blast,1,fire
steamforge,ex-fireball,2,fire
mentawolf,leaf-blade,1,grass
mentawolf,root-spike,2,grass
avalanchewyrm,ex-ice-surge,1,ice
avalanchewyrm,icicle-prison,2,ice
poseidine,hydro-cannon,1,water
poseidine,healing-water-ball,2,water
armored-dracospike,emergency-thorn-shield,1,common
armored-dracospike,ion-blast,2,common
soulguard,soul-slash,1,common
soulguard,ghost-fireball,2,fire
motovok,overvolt-tempest,1,common
motovok,electro-nova,2,common
crystalwing,glacial-wall,1,ice
crystalwing,healing-water-ball,2,water
divineclaw,divine-energy-blast,1,common
divineclaw,rock-road,2,ground
djinn-lampyr,holy-aura-djinn-lampyr,1,common
djinn-lampyr,thunder-stun,2,common
necro-hydra-tortelloni,dragons-rage,1,fire
psyberion-x,violet-core-burst-psyberion-x,1,common
psyberion-x,lightning-thrust-psyberion-x,2,common
void-noctane,air-bullet,1,common
void-noctane,wind-disc,2,common
void-dustwing,barrier,1,common
void-dustwing,gravel-scatter-shot,2,ground
void-lunavox,barrier,1,common
void-lunavox,lunar-taunt,2,common
void-lunavox,lunar-heal,3,common
void-iceplate,ice-road,1,ice
void-iceplate,ex-iceball,2,ice
void-scythewing,galemoon-blade,1,common
void-scythewing,crimson-burst,2,common
void-scythewing,barrier,3,common
void-shadecloak,barrier,1,common
void-shadecloak,soul-reap-chain,2,common
void-strum-bones,demonic-lullaby,1,common
void-strum-bones,healing-pulse,2,grass
void-nightveil,the-ring,1,common
void-nightveil,soul-reap-chain,2,common
void-scareaper,fear-taunt,1,common
void-scareaper,reapers-crescents,2,common
icearia,icicle-prison,1,ice
icearia,frosty-dart,2,ice