Monster,Rarity,Element,Damage,Health,PvP Damage,PvP Health,Crit Chance,Evolution Source,Growth Type,Skill 1,Skill 2,Skill 3,Passives,Sources,Index (Position)
Dummee,Common,Common,8,53,554750,7349000,0,,Dummee,Air Bullet,,,,"First-Time Reward | First-Time Player Reward | Starter Island | Current
Egg | Swamp Egg | Starter Island | Current",1
Leafet,Common,Grass,7.25,43.5,346740,4161800,0,,Standard,Seed Grenade,,,,Island Spawn | Natural Spawn | Starter Island | Current,2
Wattoad,Uncommon,Water,10.5,63.1,346690,4158700,0,,Standard,Water Jet,,,,Island Spawn | Natural Spawn | Starter Island | Current,3
Treemo,Rare,Grass,15.206,163.096,346690,7420100,0,,Standard,Seed Grenade,,,,Island Spawn | Natural Spawn | Starter Island | Current,4
Flamix,Rare,Fire,22.1,236.5,346690,7419600,0,,Standard,Fireball,Air Bullet,,,Island Spawn | Natural Spawn | Starter Island | Current,5
Puffu,Rare,Water,32,342.9,346640,7420200,0,,Standard,Water Jet,Wind Disc,,,Island Spawn | Natural Spawn | Starter Island | Current,6
Candlechick,Rare,Fire,38.6,412.7,136960,2930600,0,,Standard,Air Bullet,Fireball,,,"Event | Turkey Egg | Thanksgiving Event 2025 | Legacy
Chest | Memory Chest 2 | Abyss Shop | Current",7
SantaDumi,Rare,Common,97.695,1045.4,346700,7400000,0,,Standard,Air Bullet,Candy Bomb,,,"Event | Christmas Event Summon | Christmas Event 2025 | Unavailable
Chest | Memory Chest 1 | Abyss Shop | Current",8
Santacub,Rare,Common,205.39,2197.8,346740,7420100,0,,Standard,Fireball,Gift Delivery,,,"Event | Christmas Event Summon | Christmas Event 2025 | Unavailable
Chest | Memory Chest 1 | Abyss Shop | Current",9
Pricko,Rare,Grass,1915,29518,288970,8903700,10,,Standard,Petal Dance,Root Spike,,Fortune Spirit | 20,"Rift | Strange Rift | Spire Shop | Current
Chest | Rift Chest | Abyss Shop | Current",10
Aquron,Epic,Water,46.5,497.2,346740,7419200,0,,Standard,Water Cannon,Water Jet,,,Island Spawn | Natural Spawn | Starter Island | Current,11
Skedeer,Epic,Common,67.4,721,346740,7419700,0,,Standard,Air Bullet,Wind Disc,,,Island Spawn | Natural Spawn | Volcano | Current,12
Woodliz,Epic,Grass,97.695,1045.4,346740,7419200,0,,Standard,Grass Tornado,Leaf Surge,,,Island Spawn | Natural Spawn | Volcano | Current,13
Candlehawk,Epic,Fire,170.59,1825,605540,12957000,0,,Standard,Fire Tornado,Fireball,,,"Event | Turkey Egg | Thanksgiving Event 2025 | Legacy
Chest | Memory Chest | Abyss Shop | Current",14
Zybit,Epic,Common,117.65,1258.8,417530,8934500,0,,Standard,Ex Air Bullet,Wind Disc,,,"Event | Abuse Egg | Abuse Event 2025 | Legacy
Chest | Memory Chest 1 | Abyss Shop | Current",15
Flarecub,Epic,Fire,141.66,1515.85,346740,7419700,0,,Standard,Wind Disc,Fire Tornado,,,Island Spawn | Natural Spawn | Volcano | Current,16
Blazelord,Epic,Fire,205.412,2198,346740,7420300,0,,Standard,Fireball,Fire Dash,,,Island Spawn | Natural Spawn | Volcano | Current,17
Icevolf,Epic,Ice,431.9,4620,346740,7420300,0,,Standard,Iceball,Wind Disc,,,Island Spawn | Natural Spawn | Frost Isle | Current,18
Frostoise,Epic,Water,626.25,6700,346740,7420300,0,,Standard,Ex Water Jet,Claw Attack,,,Island Spawn | Natural Spawn | Frost Isle | Current,19
Fluffairy,Epic,Common,908.07,9710,346740,7420300,0,,Standard,Ex Air Bullet,Wind Disc,,,Island Spawn | Natural Spawn | Frost Isle | Current,20
Santafairy,Epic,Common,626.2,6693,346740,7420300,0,,Standard,Candy Bomb,Gift Delivery,,,"Chest | Memory Chest 1 | Abyss Shop | Current
Chest | Christmas Event Summon | Christmas Event 2025 | Unavailable",21
Dreamtane,Epic,Common,2768,29620,346740,7420300,0,,Standard,Ex Air Bullet,Wind Disc,,,Island Spawn | Natural Spawn | Neverland | Current,22
Dollfey,Epic,Common,4010,42950,346740,7420300,0,,Standard,Toxic Grenade,Wind Disc,,,Island Spawn | Natural Spawn | Neverland | Current,23
Stonebara,Epic,Ground,12230,130940,346740,7420300,0,,Standard,Rock Toss,Gravel Scatter Shot,,,Island Spawn | Natural Spawn | Duneveil Isle | Current,24
Pangard,Epic,Fire,17736,189870,287960,6161800,0,,Standard,Ex Air Bullet,Fireball,,,Island Spawn | Natural Spawn | Duneveil Isle | Current,25
Pandleaf,Epic,Grass,7032,108360,288970,8906700,10,,Standard,Grass Tornado,Galecut,,Mentor Spirit | 20,"Rift | Strange Rift | Spire Shop | Current
Chest | Rift Chest | Abyss Shop | Current",26
RingDuck,Epic,Water,54090,578830,346740,7420300,0,,Standard,Tidal Conch,Wind Disc,,,Island Spawn | Natural Spawn | Tideland | Current,27
Shorefur,Epic,Water,78440,839300,346740,7420300,0,,Standard,Water Shuriken,Tidal Conch,,,Island Spawn | Natural Spawn | Tideland | Current,28
Sproutfox,Epic,Grass,136961,1465000,433440,9278100,0,,Standard,Toxic Grenade,Petal Dance,,,Island Spawn | Natural Spawn | Spirit Grove | Current,29
Terralion,Epic,Ground,164920,1764000,346740,7420300,0,,Standard,Earth Smash,Dash,,,Island Spawn | Natural Spawn | Spirit Grove | Current,30
Noxicrow,Epic,Fire,239130,2558000,346740,7420300,0,,Standard,Wind Disc (Purple),Fireball,,,Island Spawn | Natural Spawn | Dragon's Breath | Current,31
Verdysaur,Epic,Grass,287950,3080000,346740,7420300,0,,Standard,Leaf Surge,Galecut,,,Island Spawn | Natural Spawn | Dragon's Breath | Current,32
Bunshroom,Epic,Ground,417530,4460000,346740,7420300,0,,Standard,Rock Toss,Wind Disc,,,Island Spawn | Natural Spawn | Blossom Haven | Current,33
Bunleaf,Epic,Grass,502780,5380000,346740,7420300,0,,Standard,Root Spike,Urgent Aid,,,Island Spawn | Natural Spawn | Blossom Haven | Current,34
LeafMage,Epic,Grass,785270,8402200,346740,7420300,0,,Standard,Ex Seed Grenade,Galecut,,,Island Spawn | Natural Spawn | Mobius Circus | Current,35
Boinglick,Epic,Water,1018500,10898000,346740,7420300,0,,Standard,Soul Reap Chain (Vulnerability),Ex Water Jet,,,Island Spawn | Natural Spawn | Mobius Circus | Current,36
Wickloom,Epic,Fire,1651000,17666000,346740,7420300,0,,Standard,Fireball (Ghost),Wind Disc (Purple),,,Island Spawn | Natural Spawn | Specter Shallows | Current,37
Glowraith,Epic,Ice,2222450,23780000,346740,7420300,0,,Standard,Frosty Dart,Soul Reap Chain,,,Island Spawn | Natural Spawn | Specter Shallows | Current,38
Spiralin,Epic,Water,3471000,37141000,346740,7420300,0,,Standard,Tidal Conch,Ex Water Jet,,,Island Spawn | Natural Spawn | Nova Coast | Current,39
Snoozeble,Epic,Water,4180000,44726000,346740,7420300,0,,Standard,Hydro Cannon,Water Shuriken,,,Island Spawn | Natural Spawn | Nova Coast | Current,40
Bubbloo,Epic,Water,5420000,58011000,346740,7420300,0,,Standard,Ripple Guard,Ex Water Jet,,,Island Spawn | Natural Spawn | Splash Isle | Current,41
Terratort,Epic,Ground,5840000,62486000,346740,7420300,0,,Standard,Earth Smash,Rock Road,,,Island Spawn | Natural Spawn | Splash Isle | Current,42
Mechizza,Epic,Fire,8465000,90606000,346740,7420300,0,,Standard,Wind Disc,Wind Disc (Purple),,,Island Spawn | Natural Spawn | Coilwork City | Current,43
Geariff,Epic,Common,9120000,97596000,346740,7420300,0,,Standard,Soul Reap Chain,Inferno Blast,,,Island Spawn | Natural Spawn | Coilwork City | Current,44
Toadstool,Epic,Grass,11400000,121970000,346740,7420300,0,,Standard,Toxic Grenade,Grass Tornado,,,Island Spawn | Natural Spawn | Shroomvale | Current,45
Heartwood,Epic,Grass,12280000,131375000,346740,7420300,0,,Standard,Root Spike,Healing Pulse,,,Island Spawn | Natural Spawn | Shroomvale | Current,46
Santavolf,Legendary,Ice,2767,29622,346740,7420300,0,,Standard,Ex Candy Bomb,Iceball,,,"Event | Christmas Event Summon | Christmas Event 2025 | Unavailable
Chest | Memory Chest 2 | Abyss Shop | Current",47
Pyrowulf,Legendary,Fire,297.86,3187,346740,7420300,0,,Standard,Fire Tornado,Fire Dash,,,Island Spawn | Natural Spawn | Volcano | Current,48
Noctane,Legendary,Common,358.66,3838,346740,7420300,0,,Standard,Air Bullet,Wind Disc,,,"Egg | Fire Egg | Volcano | Current
Chest | Mythical Chest | Limited Events | Current",49
YWendihoofs,Legendary,Ice,1316,14088,346740,7420300,0,,Standard,Ice Surge,Claw Attack,,,Island Spawn | Natural Spawn | Frost Isle | Current,50
Starshade,Legendary,Ice,2300,24600,346740,7420300,0,,Standard,Ice Road,Ex Iceball,,,Island Spawn | Natural Spawn | Frost Isle | Current,51
Sproutusk,Legendary,Grass,1909,20426,346740,7420300,0,,Standard,Ex Seed Grenade,Ex Air Bullet,,,Island Spawn | Natural Spawn | Frost Isle | Current,52
Nightclaw,Legendary,Common,5821,62278,346740,7420300,0,,Standard,Toxic Grenade,Ex Air Bullet,,,Island Spawn | Natural Spawn | Neverland | Current,53
Floradelle,Legendary,Grass,14684,109115,501180,7445900,10,,Standard,Solar Beam,Petal Dance,,,"Egg | Blossom Egg | Neverland | Current
Egg | Rosette Egg | Neverland | Current",54
Hydribbit,Legendary,Water,10162,108740,346740,7420300,0,,Standard,Water Shuriken,Water Jet,,,Island Spawn | Special Spawn | Neverland | Current,55
Knockroo,Legendary,Fire,25727,275300,417530,8938700,0,,Standard,Fire Dash,Fireball,,,Island Spawn | Natural Spawn | Duneveil Isle | Current,56
Volcamel,Legendary,Fire,53904,400574,416100,6183400,0,,Standard,Fireball,Rallying War Cry (3 sec 50%),,,"Egg | Sand Egg | Duneveil Isle | Current
Chest | Mythical Chest | Limited Events | Current",57
Mistvolf,Legendary,Water,14777,227835,288970,8903000,0,Icevolf,Standard,Water Jet,Ripple Guard,,,Evolution | Icevolf Evolution |  | Current |  | Evolves from Icevolf.,58
Flamevolf,Legendary,Fire,21292,158220,416100,6185000,0,Icevolf,Standard,Fireball,Rallying War Cry (6 sec 50%),,,Evolution | Icevolf Evolution |  | Current |  | Evolves from Icevolf.,59
Floravolf,Legendary,Grass,17743,189863,346740,7420300,0,Icevolf,Standard,Seed Grenade,Healing Pulse,,,Evolution | Icevolf Evolution |  | Current |  | Evolves from Icevolf.,60
Aurobull,Legendary,Common,37306,399190,346740,7420300,0,,Standard,Dash,Ex Air Bullet,,,"Island Spawn | Natural Spawn | Duneveil Isle | Current
Chest | Mythical Chest | Limited Events | Current",61
King Penguin,Legendary,Water,626,6700,346740,7420300,0,,Standard,Ex Water Jet,Wind Disc,,,Island Special Spawn | Special Spawn | Starter Island | Current,62
Fanglo,Legendary,Fire,21441,330370,288970,8905200,0,,Standard,Dash,Fire Tornado,,Capturer's Boon | 5,"Rift | Strange Rift | Spire Shop | Current
Chest | Rift Chest | Abyss Shop | Current",63
Weasplash,Legendary,Water,113736,1216900,346740,7420300,0,,Standard,Tsunami,Water Shuriken,,,Island Spawn | Natural Spawn | Tideland | Current,64
Walrusk,Legendary,Water,136960,1465400,346740,7420300,10,,Standard,Ice Road,Ex Water Shuriken,,,Island Special Spawn | Special Spawn | Tideland | Current,65
Deerleaf,Legendary,Grass,198590,2124900,346740,7420300,0,,Standard,Wind Disc (Purple),Leaf Surge,,,Island Spawn | Natural Spawn | Spirit Grove | Current,66
Mintwolf,Legendary,Grass,287955,3081100,346740,7420300,10,,Standard,Root Spike,Grass Tornado,,,"Egg | Giant Tree Egg | Spirit Grove | Current
Chest | Mythical Chest | Limited Events | Current",67
Nivisgon,Legendary,Water,346740,3710100,346740,7420300,0,,Standard,Ex Water Jet,Ice Road,,,Island Spawn | Natural Spawn | Dragon's Breath | Current,68
Tricerasteel,Legendary,Ground,335184,8069450,231150,11134000,0,,Standard,Earth Smash,Gravel Scatter Shot,,,"Island Special Spawn | Special Spawn | Dragon's Breath | Current
Egg | Ancient Egg | Dragon's Breath | Current
Chest | Mythical Chest | Limited Events | Current",69
Cloveria,Legendary,Grass,605420,6477600,346740,7420300,0,,Standard,Grass Tornado,Ex Seed Grenade,,,Island Spawn | Natural Spawn | Blossom Haven | Current,70
Shadecloak,Legendary,Common,874800,6500500,448190,6659300,0,,Standard,Barrier,Soul Reap Chain,,,"Island Spawn | Natural Spawn | Blossom Haven | Current
Chest | Mythical Chest | Limited Events | Current",71
Emberwolf,Legendary,Fire,482759,3587200,581320,8639800,0,Mintwolf,Standard,Rallying War Cry (6 sec 50%),Fire Tornado,,,Evolution | Mintwolf Evolution |  | Current |  | Evolves from Mintwolf.,72
Jackpotron,Legendary,Common,1273000,13620000,346740,7420300,0,,Standard,Egg Blast,Egg Blast,,,Island Spawn | Natural Spawn | Mobius Circus | Current,73
Sleetwolf,Legendary,Water,335253,5165200,403720,12441000,0,Mintwolf,Standard,Ripple Guard,Tsunami,,,Evolution | Mintwolf Evolution |  | Current |  | Evolves from Mintwolf.,74
Rexie,Legendary,Ground,1651000,17666000,346740,7420300,0,,Standard,Rock Road,Gravel Whirlwind,,,"Egg | Rexie's Egg | Mobius Circus | Current
Chest | Mythical Chest | Limited Events | Current",75
Stumpfox,Legendary,Grass,2063300,22077000,346740,7420300,0,,Standard,Grass Tornado,Galecut,,Mentor Spirit | 32,"Chest | Rift Chest | Abyss Shop | Current
Chest | Mythical Chest | Limited Events | Current",76
Strum Bones,Legendary,Common,2882750,30845000,346740,7420300,0,,Standard,Demonic Lullaby,Healing Pulse,,,Island Spawn | Natural Spawn | Specter Shallows | Current,77
Bone Guard,Legendary,Common,3222700,34482400,346740,7420300,0,,Standard,Taunt,Ghost Impact,,,Island Spawn | Natural Spawn | Specter Shallows | Current,78
Meowl,Legendary,Common,4338000,46418000,1057130,22622000,0,,Standard,Ex Air Bullet,,,"Mentor Spirit | 25
Fortune Spirit | 25
Capturer's Boon | 25",Chest | Rift Chest | Abyss Shop | Current,79
Snoozepink,Legendary,Water,5033040,53856700,346740,7420300,0,,Standard,Vortex Nova,Water Shuriken,,,Island Spawn | Natural Spawn | Nova Coast | Current,80
Froxy,Legendary,Ice,6286000,67305000,346740,7420300,0,,Standard,Glacial Wall,Ice Road,,,Island Spawn | Natural Spawn | Splash Isle | Current,81
Lynxgear,Legendary,Common,9824000,105124000,346740,7420300,0,,Standard,Dark Singularity,Electro Nova,,,Island Spawn | Natural Spawn | Coilwork City | Current,82
Bulbwarden,Legendary,Grass,13230000,141510000,346740,7420300,0,,Standard,Galecut,Ghost Impact,,,Island Spawn | Natural Spawn | Shroomvale | Current,83
Flaragon,Mythical,Fire,754,8068,417520,8935600,0,,Standard,Claw Attack,Ex Fireball,,,Egg | Flaragon's Egg | Volcano | Current,84
Glazadon,Mythical,Ice,4013,42951,346750,7421340,0,,Standard,Frost Breath,Ice Surge,,,Egg | Glacier Egg | Frost Isle | Current,85
Mountusk,Mythical,Grass,4027,62063,288990,8904500,0,,Standard,Ex Seed Grenade,Healing Pulse,,,Egg | Sprout Egg | Frost Isle | Current,86
Frostbun,Mythical,Ice,17745,189860,346740,7420300,0,,Standard,Ex Iceball,Ice Road,,,Island Special Spawn | Special Spawn | Frost Isle | Current,87
Flarecrest,Mythical,Fire,4817,35792,416090,6184100,10,,Standard,Inferno Maelstrom,Ex Fireball,,,"Event | Turkey Egg | Thanksgiving Event 2025 | Legacy
Event | Xmas Egg | Christmas Event 2025 | Current
Chest | Memory Chest 2 | Abyss Shop | Current",88
Aquilune,Mythical,Ice,5217,28481,450690,4920700,0,,Standard,Ice Surge,Ex Iceball,,,"Shop | Tower Spire Shop | Skyheart Isle | Current
Chest | Mythical Chest | Limited Events | Current",89
Frost Floradelle,Mythical,Grass,44770,332660,416090,6184060,10,,Standard,Solar Beam,Petal Dance,,,"Island Spawn | Natural Spawn | Neverland | Current | Night and Aurora
Chest | Mythical Chest | Limited Events | Current",90
Puffmora,Mythical,Grass,14787,227840,288990,8904700,20,,Standard,Ex Candy Bomb,Ex Gift Delivery,Petal Dance,,"Event | Event Battlepass | Christmas Event 2025 | Current
Chest | Memory Chest 1 | Abyss Shop | Current",91
Pinecarol,Mythical,Grass,25730,275300,346740,7420300,0,,Standard,Ex Candy Bomb,Ex Gift Delivery,Leaf Surge,,"Event | Festive Gift Box | Christmas Event 2025 | Legacy |  | Small chance to be obtained when oppened
Chest | Memory Chest 1 | Abyss Shop | Current",92
Gingerjoy,Mythical,Common,21290,158200,416090,6184100,0,,Standard,Ex Candy Bomb,Ex Gift Delivery,,,"Event | Christmas Event Summnon | Christmas Event 2025 | Legacy
Chest | Memory Chest 1 | Abyss Shop | Current",93
Rudolphin,Mythical,Ice,9822,236513,231170,11130400,0,,Standard,Ex Candy Bomb,Ex Gift Delivery,,,"Event | Christmas Event Shop | Christmas Event 2025 | Unavailable |  | Obtainable during the Christmas Event shop for 9000 candy canes
Chest | Memory Chest 1 | Abyss Shop | Current",94
ShadeKnight,Mythical,Water,21360,228620,346740,7420300,0,,Standard,Ex Water Shuriken,Water Pillar Blast,,,Egg | ShadeKnight's Egg | Neverland | Current,95
Gildron,Mythical,Ground,78440,839300,346740,7420300,0,,Standard,Earth Smash,Ex Rock Toss,,,Egg | Gildron's Egg | Duneveil Isle | Current,96
FlameSpike,Mythical,Fire,2291.2,17024.5,416100,6183400,10,,Standard,Rallying War Cry (6 sec 50%),Ex Fireball,,,Island Special Spawn | Special Spawn | Volcano | Current,97
DustWing,Mythical,Ground,87686,938240,346740,7420300,10,,Standard,Barrier,Gravel Scatter Shot,,,"Island Special Spawn | Special Spawn | Duneveil Isle | Current
Rift | Duneveil Isle Rift 3 | Duneveil Isle | Current
Rift | Strange Rift | Spire Shop | Current",98
Mistwing,Mythical,Water,191350,2047400,346740,7420300,0,DustWing,Standard,Wind Blast,Water Shuriken,,,Evolution | DustWing Evolution |  | Current |  | Evolves from DustWing.,99
Emberwing,Mythical,Fire,267887,1462400,485420,5300300,0,DustWing,Standard,Fireball,Fire Tornado,,,Evolution | DustWing Evolution |  | Current |  | Evolves from DustWing.,100
Fernwing,Mythical,Grass,229600,1706200,416100,6183400,0,DustWing,Standard,Galecut,Healing Pulse,,,Evolution | DustWing Evolution |  | Current |  | Evolves from DustWing.,101
Snowwing,Mythical,Ice,159450,2454200,288990,8904500,0,DustWing,Standard,Barrier,Frosty Dart,,,Evolution | DustWing Evolution |  | Current |  | Evolves from DustWing.,102
Iceplate,Mythical,Ice,75835,1168500,288990,8904500,0,,Standard,Ice Road,Ex Iceball,,Rift Dominance | 50,"Rift | Strange Rift | Spire Shop | Current
Chest | Rift Chest | Abyss Shop | Current",103
Voltgator,Mythical,Common,91300,2200000,231150,11134000,10,,Standard,Electric Beam,Ex Air Bullet,,Spire Dominance | 50,"Rift | Duneveil Isle Rift 3 | Duneveil Isle | Current
Chest | Mythical Chest | Limited Events | Current
Rift | Strange Rift | Spire Shop | Current",104
Undine,Mythical,Water,286960,2132300,416100,6183400,10,,Standard,Healing Water Ball,Tsunami,,,"Island Special Spawn | Special Spawn | Tideland | Current
Rift | Tideland Rift 3 | Tideland | Current
Chest | Mythical Chest | Limited Events | Current",105
TideVex,Mythical,Water,267300,2860400,387680,8295400,10,,Standard,Ex Water Shuriken,Ice Road,,,Egg | TideVex's Egg | Tideland | Current,106
Woolhorn,Mythical,Common,185000,2850400,288990,8904500,10,,Standard,Wind Blast,Dash,,Fortune Spirit | 25,"Chest | Rift Chest | Abyss Shop | Current
Chest | Mythical Chest | Limited Events | Current",107
Mechavolt,Mythical,Ice,467700,2553400,485420,5300300,0,,Standard,Thunder Stun,Void Orb,,Boss Slayer | 40,"Rift | Tideland Rift 3 | Tideland | Current
Chest | Mythical Chest | Limited Events | Current",108
Cobaltwing,Mythical,Ice,542660,2962600,467780,5106800,10,,Standard,Frosty Dart,Frozen Nova,,,"Island Special Spawn | Special Spawn | Spirit Grove | Current
Rift | Spirit Grove Rift 3 | Spirit Grove | Current
Chest | Mythical Chest | Limited Events | Current",109
Frostwyrm,Mythical,Ice,466770,4994400,346740,7420300,0,,Standard,Frost Breath,Frozen Nova,,,Egg | Frostwyrm's Egg | Spirit Grove | Current,110
Liodan,Mythical,Fire,320800,2383700,431860,6417700,0,,Standard,Fire Tornado,Firecracker Pop,,,"Chest | Memory Chest 2 | Abyss Shop | Current
Event | Valentine's Egg | Valentine's Event 2026 | Legacy
Rift | Valentine's Rift | Valentine's Event 2026 | Legacy",111
Kitsunine,Mythical,Fire,335240,5165500,278440,8579800,10,,Standard,Ex Fireball,Charming Wind,,Spire Guard | 30,"Chest | Memory Chest 2 | Abyss Shop | Current
Event | Valentine's Egg | Valentine's Event 2026 | Legacy
Rift | Valentine's Rift | Valentine's Event 2026 | Legacy",112
Thunderjet,Mythical,Common,278400,4289700,288990,8904400,0,,Standard,Ion Blast,Void Orb,,Capturer's Boon | 10,"Chest | Rift Chest | Abyss Shop | Current
Chest | Mythical Chest | Limited Events | Current",113
Psyber,Mythical,Mechanical,502780,5379400,346740,7420300,10,,Standard,Lightning Thrust,Violet Core Burst,,Spire Dominance | 50,"Rift | Spirit Grove Rift 3 | Spirit Grove | Current
Chest | Mythical Chest | Limited Events | Current",114
Dracospike,Mythical,Ground,291670,12480000,167060,14300000,0,,Standard,Rock Road,Ex Rock Toss,,,Egg | Dracospike's Egg | Dragon's Breath | Current,115
Ignisraptor,Mythical,Fire,912900,4984000,606840,6625100,10,,Standard,Inferno Maelstrom,Ex Fireball,,,Island Special Spawn | Special Spawn | Dragon's Breath | Current |  | Area: Castle,116
Mintgloom,Mythical,Fire,466769,4994100,321940,6888900,0,,Standard,Nether Fireball,Rallying War Cry (3 sec 50%),,Fortune Spirit | 30,"Chest | Rift Chest | Abyss Shop | Current
Chest | Mythical Chest | Limited Events | Current",117
Netherdemon,Mythical,Dark,451200,10862000,311196,14983400,0,,Standard,Soul Reap Chain,Thorn Shield,,Boss Resistance | 25,"Rift | Dragon's Breath Rift 3 | Dragon's Breath | Current
Chest | Mythical Chest | Limited Events | Current",118
Toucan BirdMan,Mythical,Common,679160,10464000,288990,8904400,10,,Standard,Wind Blast,Urgent Aid,,Boss Slayer | 40,"Rift | Dragon's Breath Rift 3 | Dragon's Breath | Current
Chest | Mythical Chest | Limited Events | Current",119
Primothorn,Mythical,Common,418977,6455200,288990,8904400,10,,Standard,Galecut,Root Spike,,,"Egg | Primothorn's Egg | Cinderclaw Castle | Current |  | Normal Difficulty and Hard Difficulty
Chest | Mythical Chest | Limited Events | Current",120
AbyssalDrake,Mythical,Common,1323800,7226900,485420,5300300,10,,Standard,Fire Dragon Flame Blast,Crimson Burst,,Capturer's Boon | 15,"Egg | Abyssal Drake's Egg | Cinderclaw Castle | Current |  | Normal Difficulty
Chest | Mythical Chest | Limited Events | Current",121
Berrybun,Mythical,Common,1140000,12188000,346740,7420300,10,,Standard,Egg Blast,,,"Mentor Spirit | 25
Capturer's Boon | 10","Chest | Memory Chest 1 | Abyss Shop | Current
Egg | Berrybun's Egg | Easter Event 2026 | Unavailable |  | Was obtainable as a drop from Cinderclaw Castle Normal during the Easter 2026 event",122
Bladetooth,Mythical,Ground,704700,16965000,288890,13911000,10,,Standard,Sunder Taunt,Thorn Shield,,,"Island Special Spawn | Special Spawn | Blossom Haven | Current
Chest | Mythical Chest | Limited Events | Current",123
Thunderclaw,Mythical,Ground,1782000,9728600,485460,5300300,0,,Standard,Gravel Whirlwind,Electro Nova,,,Egg | Thunderclaw's Egg | Blossom Haven | Current,124
Burrowbun,Mythical,Ground,981300,10500000,346740,7420300,0,,Standard,Gravel Whirlwind,Rock Road,,Fortune Spirit | 30,Chest | Rift Chest | Abyss Shop | Current,125
Aetherpanther,Mythical,Dark,2452200,10250300,597590,4995500,10,,Standard,Thunder Stun,Bale Breath,,Spire Dominance | 50,"Rift | Blossom Haven Rift 3 | Blossom Haven | Current
Chest | Mythical Chest | Limited Events | Current",126
Crystalfae,Mythical,Water,1707500,12688000,416100,6183400,10,,Standard,Vortex Nova,Tsunami,,Rift Guard | 30,Egg | Crystalfae's Egg | Blossom Haven | Current |  | Area: Maze,127
Magma Tortoise,Mythical,Fire,1101000,26499000,231180,11131000,10,,Standard,Flame Jet,Thorn Shield,,Spire Guard | 30,"Egg | Magma Tortoise's Egg | Cinderclaw Castle | Current |  | Nightmare Difficulty
Chest | Mythical Chest | Limited Events | Current",128
Stellar Sentinel,Mythical,Water,2569600,19095000,416100,6183400,10,,Standard,Ghost Impact,Soul Reap Chain,,,"Island Special Spawn | Special Spawn | Mobius Circus | Current
Chest | Mythical Chest | Limited Events | Current",129
Lampyr,Mythical,Water,1596100,38426000,258450,12443600,0,,Standard,Void Orb,Thunder Stun,,,Egg | Lampyr's Egg | Mobius Circus | Current,130
Umbra Reaver,Mythical,Dark,3746000,20454000,912990,9968400,10,,Standard,Lightning Storm (Purple),Lightning Thrust,,Trial Power | 50,"Rift | Mobius Rift 3 | Mobius Circus | Current
Chest | Mythical Chest | Limited Events | Current",131
Lumen Knight,Mythical,Mechanical,1495800,64023300,173370,14841000,10,,Standard,Lightning Storm (Blue),Lightning Thrust,,Dungeon Guard | 30,"Rift | Mobius Rift 3 | Mobius Circus | Current
Chest | Mythical Chest | Limited Events | Current",132
Jokaire,Mythical,Common,3105100,33220000,502790,10759000,0,,Standard,Joker's Trick,Void Collapse,,Capturer's Boon | 15,"Egg | Jokaire's Egg | Mobius Circus | Current
Chest | Mythical Chest | Limited Events | Current",133
Bull Lord,Mythical,Common,3880400,41523000,346740,7420300,10,,Standard,Ghost Fireball,Earth Smash,,,"Island Special Spawn | Special Spawn | Specter Shallows | Current
Chest | Mythical Chest | Limited Events | Current",134
Scareaper,Mythical,Dark,3615000,55702000,288990,8904400,0,,Standard,Reaper's Crescents,Soul Reap Chain,,,"Egg | Scareaper's Egg | Specter Shallows | Current
Chest | Mythical Chest | Limited Events | Current",135
Magmorus,Mythical,Fire,3482300,83841000,268295,12917000,10,,Standard,Fire Tornado,Blaze Blast,,Spire Guard | 30,"Rift | Specter Shallows Rift 3 | Specter Shallows | Current
Chest | Mythical Chest | Limited Events | Current",136
Gravion,Mythical,Dark,2813200,120410000,173370,14843000,10,,Standard,Dark Singularity,Oblivion Beam,,Boss Resistance | 25,"Rift | Specter Shallows Rift 3 | Specter Shallows | Current
Chest | Mythical Chest | Limited Events | Current",137
Runegolem,Mythical,Ground,7007700,52071000,416100,6183400,15,,Standard,Ex Rock Toss,Earth Smash,,Critical Damage | 60,"Egg | Runegolem's Egg | Cinderclaw Castle | Current |  | Inferno Difficulty
Chest | Mythical Chest | Limited Events | Current",138
Crabblaze,Mythical,Fire,6528000,69855000,346740,7420300,10,,Standard,Fire Dragon Flame Blast,Inferno Maelstrom,,Hard Carapace | 30 | 30,"Island Special Spawn | Special Spawn | Nova Coast | Current
Chest | Mythical Chest | Limited Events | Current",139
Capshark,Mythical,Water,9140000,49900000,485474,5300300,10,,Standard,Mighty Water Shuriken,Tsunami,,Boss Resistance | 25,"Island Special Spawn | Special Spawn | Nova Coast | Current
Chest | Mythical Chest | Limited Events | Current",140
Beatopus,Mythical,Water,9140000,49900000,450690,4920700,10,,Standard,Deadly Sonic Wave,Ripple Guard,,,Island Special Spawn | Special Spawn | Nova Coast | Current,141
Stormhorn,Mythical,Electric,2719700,261940000,115593,22261000,0,,Standard,Lightning Thrust,Taunt,,Trial Power | 50,"Rift | Nova Coast Rift 3 | Nova Coast | Current
Chest | Mythical Chest | Limited Events | Current",142
Solgryph,Mythical,Common,11422420,62358000,485474,5300300,10,,Standard,Scorching Fireball,Fire Tornado,,Spire Guard | 35,"Rift | Nova Coast Rift 3 | Nova Coast | Current
Chest | Mythical Chest | Limited Events | Current",143
Violetaegis,Mythical,Light,14062000,58772000,554790,4637800,15,,Standard,Lightning Storm (Blue),Void Orb,,Vital Surge | 60 |  | 80,Egg | Violetaegis's Egg | Treasure Vault Cellar | Current,144
Venofrog,Mythical,Water,9824000,105120000,346740,7420300,0,,Standard,Tsunami,Poison Volley,,,Island Special Spawn | Special Spawn | Splash Isle | Current,145
Rainimp,Mythical,Water,12698000,94362000,416100,6183400,0,,Standard,Soul Reap Chain (Vulnerability),Healing Shuriken,,,Egg | Rainimp's Egg | Splash Isle | Current,146
Vorturion,Mythical,Mechanical,11830000,126580000,387690,8295200,10,,Standard,Ghost Impact (Vulnerability),Inferno Blast,,Rift Guard | 30,"Rift | Splash Isle Rift 3 | Splash Isle | Current
Egg | Conduit Egg | Store | Current",147
Sylvaris,Mythical,Common,16562000,90416300,542690,5925300,10,,Standard,Root Spike,Urgent Aid,,Mutation Catalyst | 20,"Rift | Splash Isle Rift 3 | Splash Isle | Current
Egg | Conduit Egg | Store | Current",148
Plaguecannon,Mythical,Mechanical,4747000,457290000,115580,22261000,0,,Standard,Thorn Shield,Crimson Burst,,,Island Spawn | Natural Spawn | Coilwork City | Current,149
Turretor,Mythical,Mechanical,18410000,136800000,416100,6183400,0,,Standard,Scorching Fireball,Flame Detonation,,,Egg | Turretor's Egg | Coilwork City | Current,150
Stellawulf,Mythical,Dark,8575100,367100000,173370,14843000,10,,Standard,Ghost Impact,Soul Reap Chain (Vulnerability),,Trial Power | 50,Rift | Coilwork City Rift 3 | Coilwork City | Current,151
Nexil,Mythical,Common,20583500,152960000,416100,6183400,10,,Standard,Dark Singularity,Barrier,,Spire Guard | 35,Rift | Coilwork City Rift 3 | Coilwork City | Current,152
Twirly Bird,Mythical,Common,17092800,127030000,416100,6183400,0,,Standard,Windmill Blast,Windmill Blast,,,Island Special Spawn | Special Spawn | Coilwork City | Current,153
Berserkor,Mythical,Dark,6884000,663070000,99619,19186000,0,,Standard,Sunder Taunt,Thorn Shield,,,Island Special Spawn | Natural Spawn | Shroomvale | Current,154
Thornewarden,Mythical,Ground,25812000,276224000,433480,9272000,0,,Standard,Gravel Whirlwind,Rock Road,,,"Egg | Thornewarden's Egg | Shroomvale | Current
Egg | Spritesprout Egg | Store | Current",155
Cernunnos,Mythical,Grass,29952000,320493000,346740,7420300,10,,Standard,Healing Pulse,Root Spike,,Rift Guard | 30,Rift | Shroomvale Rift 3 | Shroomvale | Current,156
Anubael,Mythical,Dark,14976000,640990000,173370,14843000,10,,Standard,Lightning Storm (Purple),Dark Singularity,,Trial Power | 50,Rift | Shroomvale Rift 3 | Shroomvale | Current,157
Dragon Cannelloni,Mythical,Dragon,40,500,97904,2447600,0,,Standard,Dragon's Breath,Fireball,,,Shop | 99 Robux Purachase | Skyheart Isle | Current,158
Flaragflora,Mythical,Grass,15817,117530,416100,6183400,0,Flaragon,Standard,Grass Tornado,Solar Beam,,,Evolution | Flaragon Evolution |  | Current |  | Evolves from Flaragon.,159
Flaragfrost,Mythical,Ice,10980,169250,288990,8904400,0,Flaragon,Standard,Ex Iceball,Ice Surge,,,Evolution | Flaragon Evolution |  | Current |  | Evolves from Flaragon.,160
Flaragaqua,Mythical,Water,13179,141042,346740,7420300,0,Flaragon,Standard,Ex Water Jet,Ex Water Shuriken,,,Evolution | Flaragon Evolution |  | Current |  | Evolves from Flaragon.,161
Glazadonbloom,Mythical,Grass,13180,141040,310160,6637900,0,Glazadon,Standard,Solar Breath,Leaf Surge,,,Evolution | Glazadon Evolution |  | Current |  | Evolves from Glazadon.,162
GlazadonWave,Mythical,Water,12280,189210,288990,8904400,0,Glazadon,Standard,Water Breath,Ex Water Jet,,,Evolution | Glazadon Evolution |  | Current |  | Evolves from Glazadon.,163
Glazadonflare,Mythical,Fire,15820,117530,372240,5531400,0,Glazadon,Standard,Flame Breath,Ex Fireball,,,Evolution | Glazadon Evolution |  | Current |  | Evolves from Glazadon.,164
Frostvolf,Mythical,Ice,41706,446240,346750,7420300,0,,Standard,Holy Aura (Frostvolf),Ice Road,Ex Iceball,,"Chest | Memory Chest 2 | Abyss Shop | Current
Event | New Year Event Task | New Year Event 2025 | Legacy |  | Final reward for completing icevolf's mission.",165
Frostusk,Mythical,Ice,21370,228630,346750,7420300,0,Mountusk,Standard,Ice Road,Ex Iceball,,,Evolution | Mountusk Evolution |  | Current |  | Evolves from Mountusk.,166
Volctusk,Mythical,Fire,25600,190500,416100,6183400,0,Mountusk,Standard,Inferno Maelstrom,Ex Fireball,,,Evolution | Mountusk Evolution |  | Current |  | Evolves from Mountusk.,167
Terratops,Mythical,Ground,17804,274353,288990,8904400,0,Mountusk,Standard,Barrier,Earth Smash,,,Evolution | Mountusk Evolution |  | Current |  | Evolves from Mountusk.,168
Frostbound Knight,Mythical,Ice,113344,842200,416100,6183400,0,ShadeKnight,Standard,Ice Road,Ex Iceball,,,Evolution | ShadeKnight Evolution |  | Current |  | Evolves from ShadeKnight.,169
Flame Knight,Mythical,Fire,132230,721900,485474,5300300,0,ShadeKnight,Standard,Ex Fireball,Rallying War Cry (3 sec 50%),,,Evolution | ShadeKnight Evolution |  | Current |  | Evolves from ShadeKnight.,170
Verdant Knight,Mythical,Grass,94451,1010000,346750,7420300,0,ShadeKnight,Standard,Root Spike,Galecut,,,Evolution | ShadeKnight Evolution |  | Current |  | Evolves from ShadeKnight.,171
Stoneward Knight,Mythical,Ground,78700,1212700,288990,8904400,0,ShadeKnight,Standard,Ex Rock Toss,Barrier,,,Evolution | ShadeKnight Evolution |  | Current |  | Evolves from ShadeKnight.,172
Leafane,Mythical,Grass,136480,1014100,416100,6183400,0,Noctane,Standard,Root Spike,Healing Pulse,,,Evolution | Noctane Evolution |  | Current |  | Evolves from Noctane.,173
Glacane,Mythical,Ice,94800,1460000,288990,8904400,0,Noctane,Standard,Ex Iceball,Ice Surge,,,Evolution | Noctane Evolution |  | Current |  | Evolves from Noctane.,174
Folirabbit,Mythical,Grass,205393,1526200,416100,6183400,0,Hydribbit,Standard,Galecut,Leaf Surge,,,Evolution | Hydribbit Evolution |  | Current |  | Evolves from Hydribbit.,175
Mudbit,Mythical,Ground,142630,2200000,288990,8904400,0,Hydribbit,Standard,Gravel Scatter Shot,Barrier,,,Evolution | Hydribbit Evolution |  | Current |  | Evolves from Hydribbit.,176
Inferron,Mythical,Fire,158900,1700200,346750,7420300,0,Gildron,Standard,Inferno Maelstrom,Inferno Smash,,,Evolution | Gildron Evolution |  | Current |  | Evolves from Gildron.,177
Mossron,Mythical,Grass,190680,1416900,416100,6183400,0,Gildron,Standard,Root Spike,Root Slam,,,Evolution | Gildron Evolution |  | Current |  | Evolves from Gildron.,178
Glaciron,Mythical,Ice,222463,1214500,485474,5300300,0,Gildron,Standard,Glacial Smash,Ex Iceball,,,Evolution | Gildron Evolution |  | Current |  | Evolves from Gildron.,179
BlazeVex,Mythical,Fire,309100,2299000,416100,6183400,0,TideVex,Standard,Fire Dash,Inferno Maelstrom,,,Evolution | TideVex Evolution |  | Current |  | Evolves from TideVex.,180
Bramblevex,Mythical,Grass,214650,3307100,288990,8904400,0,TideVex,Standard,Root Spike,Healing Pulse,,,Evolution | TideVex Evolution |  | Current |  | Evolves from TideVex.,181
Geogator,Mythical,Ground,418400,2280000,485474,5300300,0,voltgator,Standard,Earth Smash,Ex Rock Toss,,,Evolution | voltgator Evolution |  | Current |  | Evolves from voltgator.,182
Glacigator,Mythical,Ice,298850,3200000,346750,7420300,0,voltgator,Standard,Frost Beam,Ex Iceball,,Spire Dominance | 50,Evolution | voltgator Evolution |  | Current |  | Evolves from voltgator.,183
Blazewyrm,Mythical,Fire,521800,5583000,346750,7420300,0,Frostwyrm,Standard,Inferno Maelstrom,Ex Fireball,,,Evolution | Frostwyrm Evolution |  | Current |  | Evolves from Frostwyrm.,184
Spinewyrm,Mythical,Grass,730500,3987800,485474,5300300,0,Frostwyrm,Standard,Healing Pulse,Galecut,,,Evolution | Frostwyrm Evolution |  | Current |  | Evolves from Frostwyrm.,185
Marigon,Mythical,Water,1373930,7500500,485474,5300300,15,Nivisgon,Standard,Mighty Water Shuriken,Healing Water Ball,,Marigon Fortune Spirit | 20 | 50,Evolution | Nivisgon Evolution |  | Current |  | Evolves from Nivisgon.,186
Cinderine,Mythical,Fire,1303900,5450200,427760,3575600,0,Undine,Standard,Fire Tornado,Fire Dash,,,Evolution | Undine Evolution |  | Current |  | Evolves from Undine.,187
Tellurine,Mythical,Ground,407500,17441000,133660,11442500,0,Undine,Standard,Rock Road,Barrier,,,Evolution | Undine Evolution |  | Current |  | Evolves from Undine.,188
Dracovine,Mythical,Grass,1057130,12368000,346750,8113600,0,Dracospike,Standard,Healing Pulse,Leaf Surge,,,Evolution | Dracospike Evolution |  | Current |  | Evolves from Dracospike.,189
Dracosleet,Mythical,Ice,1480000,9589000,485474,6291100,0,Dracospike,Standard,Ice Road,Frozen Nova,,,Evolution | Dracospike Evolution |  | Current |  | Evolves from Dracospike.,190
Nightveil,Mythical,Dark,2490000,13590000,485474,5300300,15,Shadecloak,Standard,The Ring,Soul Reap Chain (Vulnerability),,Trial Power | 50,Evolution | Shadecloak Evolution |  | Current |  | Evolves from Shadecloak.,191
Diabvok,Mythical,Fire,2145900,11715000,485474,5300300,0,Mechavolt,Standard,Rallying War Cry (6 sec 50%),Fire Dragon Flame Blast,,,Evolution | Mechavolt Evolution |  | Current |  | Evolves from Mechavolt.,192
Terravok,Mythical,Ground,1532800,16401000,346750,7420300,0,Mechavolt,Standard,Rock Road,Barrier,,,Evolution | Mechavolt Evolution |  | Current |  | Evolves from Mechavolt.,193
Rubywing,Mythical,Fire,2670000,19814000,416100,6183400,0,Cobaltwing,Standard,Ex Fireball,Inferno Maelstrom,,,Evolution | Cobaltwing Evolution |  | Current |  | Evolves from Cobaltwing.,194
Lazuliwing,Mythical,Water,1851000,28537000,288990,8904400,0,Cobaltwing,Standard,Tsunami,Ex Water Shuriken,,,Evolution | Cobaltwing Evolution |  | Current |  | Evolves from Cobaltwing.,195
Hornrexie,Mythical,Dragon,4511500,24630000,947580,10345700,0,Rexie,Standard,Mighty Rock Toss,Rallying War Cry (6 sec 40% self 70%),,Spire Dominance | 50,Evolution | Rexie Evolution |  | Current |  | Evolves from Rexie.,196
Glacierclaw,Mythical,Ground,2676000,28635000,729020,15601300,0,Thunderclaw,Standard,Ice Road,Ex Iceball,,,Evolution | Thunderclaw Evolution |  | Current |  | Evolves from Thunderclaw.,197
Mossclaw,Mythical,Ground,3211000,23860000,874840,13001300,0,Thunderclaw,Standard,Healing Pulse,Galecut,,,Evolution | Thunderclaw Evolution |  | Current |  | Evolves from Thunderclaw.,198
Ignilampyr,Mythical,Fire,4013000,29825000,649890,9657700,0,Lampyr,Standard,Rallying War Cry (6 sec 50%),Fire Tornado,,,Evolution | Lampyr Evolution |  | Current |  | Evolves from Lampyr.,199
Terrampyr,Mythical,Ground,3344800,35788000,541590,11584000,0,Lampyr,Standard,Gravel Whirlwind,Earth Smash,,,Evolution | Lampyr Evolution |  | Current |  | Evolves from Lampyr.,200
Dumplorer,Mythical,Common,4502400,48175610,433450,9275200,10,Dummee,Standard,Egg Blast,Joker's Trick,,"Capturer's Boon | 45
Potential Seeker | 20",Evolution | Dummee Evolution |  | Current |  | Evolves from Dummee.,201
Psyflora,Mythical,Grass,4480000,33340000,416100,6183400,0,Psyber,Standard,Grass Tornado,Root Spike,,,Evolution | Psyber Evolution |  | Current |  | Evolves from Psyber.,202
Glaciber,Mythical,Ice,3115000,48009000,288990,8904400,0,Psyber,Standard,Ex Iceball,Ripple Guard,,,Evolution | Psyber Evolution |  | Current |  | Evolves from Psyber.,203
Scarevine,Mythical,Grass,3114000,75000000,231170,11131000,0,Scareaper,Standard,Leaf Blade,Grass Tornado,,,Evolution | Scareaper Evolution |  | Current |  | Evolves from Scareaper.,204
Scarewraith,Mythical,Ice,4672480,49998500,346750,7420300,0,Scareaper,Standard,Ice Road,Wind Blast,,,Evolution | Scareaper Evolution |  | Current |  | Evolves from Scareaper.,205
VivisDrake,Mythical,Grass,6528000,69855000,346750,7420300,0,AbyssalDrake,Standard,Leaf Surge,Root Spike,,,Evolution | AbyssalDrake Evolution |  | Current |  | Evolves from AbyssalDrake.,206
TerralDrake,Mythical,Ground,5440000,83826000,288990,8904400,0,AbyssalDrake,Standard,Gravel Whirlwind,Ex Rock Toss,,,Evolution | AbyssalDrake Evolution |  | Current |  | Evolves from AbyssalDrake.,207
Viroopus,Mythical,Water,6312000,97259000,288990,8904400,0,Beatopus,Standard,Root Spike,Healing Pulse,,,Evolution | Beatopus Evolution |  | Current |  | Evolves from Beatopus.,208
Gelopus,Mythical,Water,7574000,81048000,346750,7420300,0,Beatopus,Standard,Deadly Sonic Wave,Ripple Guard,,,Evolution | Beatopus Evolution |  | Current |  | Evolves from Beatopus.,209
Thaunimp,Mythical,Grass,9858400,151892000,288990,8904400,0,Rainimp,Standard,Galecut,Grass Tornado,,,Evolution | Rainimp Evolution |  | Current |  | Evolves from Rainimp.,210
Ignimp,Mythical,Fire,11830000,126586000,346750,7420300,0,Rainimp,Standard,Rallying War Cry (6 sec 50%),Scorching Fireball,,,Evolution | Rainimp Evolution |  | Current |  | Evolves from Rainimp.,211
Flaragblaze,Secret,Fire,25600,190500,416100,6183400,15,Flaragon,Standard,Inferno Maelstrom,Ex Fireball,Claw Attack,,Evolution | Flaragon Evolution |  | Current |  | Evolves from Flaragon.,212
GlazadonFroz,Secret,Ice,21360,228630,346750,7420300,15,Glazadon,Standard,Frost Breath,Ice Surge,Ice Road,,Evolution | Glazadon Evolution |  | Current |  | Evolves from Glazadon.,213
Fire Dragon Cannelloni,Secret,Fire,18450,100740,485420,5300300,0,Dragon Cannelloni,Standard,Dragon's Breath,Fireball,,,Evolution | Dragon Cannelloni Evolution |  | Current |  | Evolves from Dragon Cannelloni.,214
Necro Dragon Cannelloni,Secret,Fire,28826,157390,485420,5300300,15,Dragon Cannelloni,Standard,Dragon's Breath (Ghost),Fireball (Ghost),,,Evolution | Dragon Cannelloni Evolution |  | Current |  | Evolves from Dragon Cannelloni.,215
Titanusk,Secret,Grass,46610,498820,346750,7420300,15,Mountusk,Standard,Holy Aura (Titan Tusk),Grass Tornado,Leaf Surge,,Evolution | Mountusk Evolution |  | Current |  | Evolves from Mountusk.,216
Eclipse Knight,Secret,Dark,142140,1520000,346750,7420300,15,ShadeKnight,Standard,Bloodthirsty Aura,Reaper's Crescents,Void Orb,,Evolution | ShadeKnight Evolution |  | Current |  | Evolves from ShadeKnight.,217
Lunavox,Secret,Common,85581,3662000,167050,14300000,0,Noctane,Standard,Wind Disc (Purple),Lunar Taunt,Lunar Heal,,Evolution | Noctane Evolution |  | Current |  | Evolves from Noctane.,218
Hydrolope,Secret,Water,309100,2300000,416100,6183400,15,Hydribbit,Standard,Mighty Water Shuriken,Tsunami,,Rift Guard | 30,Evolution | Hydribbit Evolution |  | Current |  | Evolves from Hydribbit.,219
Solron,Secret,Ground,239120,2558600,346750,7420300,15,Gildron,Standard,Titan Slam,Ex Rock Toss,,Rift Dominance | 50,Evolution | Gildron Evolution |  | Current |  | Evolves from Gildron.,220
Scythewing,Secret,Ground,298820,3200000,346750,7420300,15,DustWing,Standard,GaleMoon Blade,Crimson Burst,,,Evolution | DustWing Evolution |  | Current |  | Evolves from DustWing.,221
Celestide,Secret,Water,542600,2962000,485420,5300300,15,TideVex,Standard,Healing Water Ball,Icicle Prison,,Rift Dominance | 50,Evolution | TideVex Evolution |  | Current |  | Evolves from TideVex.,222
Doomgator,Secret,Mechanical,629610,3437300,485420,5300300,15,voltgator,Standard,Inferno Blast,Bloodthirsty Aura,,Trial Power | 50,Evolution | voltgator Evolution |  | Current |  | Evolves from voltgator.,223
Frostiel,Secret,Light,660500,28270000,193823,16591000,20,,Standard,Void Collapse,Soul Reap Chain (Vulnerability),,Spire Guard | 30,"Egg | Frostiel's Egg | Cinderclaw Castle | Current |  | Normal and Hard Difficulty
Chest | Mythical Chest | Limited Events | Current",224
Steamforge,Secret,Fire,1915800,20497690,346750,7420300,10,,Standard,Blaze Blast,Ex Fireball,,Boss Resistance | 25,"Egg | Steamforge's Egg | Cinderclaw Castle | Current |  | Nightmare Difficulty
Chest | Mythical Chest | Limited Events | Current",225
Mentawolf,Secret,Grass,403610,9716800,231170,11131000,15,Mintwolf,Standard,Leaf Blade,Root Spike,,Dungeon Guard | 30,Evolution | Mintwolf Evolution |  | Current |  | Evolves from Mintwolf.,226
Avalanchewyrm,Secret,Ice,1256000,5251400,554790,4637800,15,Frostwyrm,Standard,Ex Ice Surge,Icicle Prison,,Boss Slayer | 40,Evolution | Frostwyrm Evolution |  | Current |  | Evolves from Frostwyrm.,227
Poseidine,Secret,Water,1418000,10537000,416100,6183400,15,Undine,Standard,Hydro Cannon,Healing Water Ball,,Rift Dominance | 50,Evolution | Undine Evolution |  | Current |  | Evolves from Undine.,228
Armored Dracospike,Secret,Dragon,1060000,32700000,231170,14252000,15,Dracospike,Standard,Emergency Thorn Shield,Ion Blast,,Rift Guard | 30,Evolution | Dracospike Evolution |  | Current |  | Evolves from Dracospike.,229
Soulguard,Secret,Fire,5040000,27531000,485420,5300300,15,,Standard,Soul Slash,Ghost Fireball,,Spire Dominance | 50,"Egg | Soulguard's Egg | Cinderclaw Castle | Current |  | Nightmare Difficulty
Chest | Mythical Chest | Limited Events | Current",230
Motovok,Secret,Electric,3830600,16010000,554790,4637600,15,Mechavolt,Standard,Overvolt Tempest,Electro Nova,,Critical Chance | 30,Evolution | Mechavolt Evolution |  | Current |  | Evolves from Mechavolt.,231
Crystalwing,Secret,Ice,859500,82776000,115593,22261000,10,Cobaltwing,Standard,Glacial Wall,Healing Water Ball,,Dungeon Guard | 35,Evolution | Cobaltwing Evolution |  | Current |  | Evolves from Cobaltwing.,232
Divineclaw,Secret,Light,5351300,22367000,554790,4637800,15,Thunderclaw,Standard,Divine Energy Blast,Rock Road,,Sacred Beetle | 35,Evolution | Thunderclaw Evolution |  | Current |  | Evolves from Thunderclaw.,233
Djinn Lampyr,Secret,Electric,5016000,37271000,812170,12070000,15,Lampyr,Standard,Holy Aura (Djinn Lampyr),Thunder Stun,,Last Blessing | 80,Evolution | Lampyr Evolution |  | Current |  | Evolves from Lampyr.,234
Necro Hydra Tortelloni,Secret,Dragon,10064800,42066000,554800,4637700,15,Necro Dragon Cannelloni,Standard,Dragon's Rage,,,"Dragon's Curse | 15
Trial Power | 50",Evolution | Necro Dragon Cannelloni Evolution |  | Current |  | Evolves from Necro Dragon Cannelloni.,235
Psyberion X,Secret,Mechanical,1677800,161568500,115583,22261000,10,Psyber,Standard,Violet Core Burst (Psyberion X),Lightning Thrust (Psyberion X),,Spire Guard | 35,Evolution | Psyber Evolution |  | Current |  | Evolves from Psyber.,236
Celestian,Secret,Light,13225000,141510000,346750,7420300,15,,Standard,Soul Slash,Holy Aura (Frostvolf),,Critical Damage | 60,Egg | Celestian's Egg | Cinderclaw Castle | Current |  | Cataclysm Difficulty,237
Scareharvest,Secret,Dark,9139800,49896000,485420,5300300,0,Scareaper,Standard,Reaper's Crescents (Scareharvest),Soul Reap Chain (Scareharvest),,Critical Chance | 30,Evolution | Scareaper Evolution |  | Current |  | Evolves from Scareaper.,238
OblivionDrake,Secret,Fire,10604000,57892000,485420,5300300,0,AbyssalDrake,Standard,Fire Dash,Earthshatter,,Spire Dominance | 50,Evolution | AbyssalDrake Evolution |  | Current |  | Evolves from AbyssalDrake.,239
Veloros,Secret,Dark,23883000,177470000,416100,6183400,15,,Standard,Crimson Burst,Soul Reap Chain (Scareharvest),,Critical Chance | 30,Egg | Veloro's Egg | Cinderclaw Castle | Current |  | Cataclysm Difficulty,240
Corsairopus,Secret,Water,4912000,210240000,173375,14840600,0,Beatopus,Standard,Tsunami,Hydro Cannon,,Critical Damage | 60,Evolution | Beatopus Evolution |  | Current |  | Evolves from Beatopus.,241
Plasmapanther,Secret,Dark,5915300,253100000,173375,14840600,0,Aetherpanther,Standard,Siphon Breath,Thunder Stun,,Spire Dominance | 50,Evolution | Aetherpanther Evolution |  | Current |  | Evolves from Aetherpanther.,242
Marimp,Secret,Water,9497100,228643000,288990,13913000,0,Rainimp,Standard,Tsunami,Soul Reap Chain (Vulnerability),,Spire Guard | 35,Evolution | Rainimp Evolution |  | Current |  | Evolves from Rainimp.,243
Void Noctane,Void,Common,2227000,12158000,485420,5300300,0,,Standard,Air Bullet,Wind Disc,,Fortune Spirit | 35,"Event | Void Jars | Void Event 2025 | Legacy
Chest | Memory Chest 2 | Abyss Shop | Current",244
Void Dustwing,Void,Ground,1778100,19029000,346750,7420300,0,,Standard,Barrier,Gravel Scatter Shot,,Mentor Spirit | 35,"Event | Void Jars | Void Event 2025 | Legacy
Chest | Memory Chest 2 | Abyss Shop | Current",245
Void Lunavox,Void,Common,687740,66232000,115583,22261000,0,,Standard,Barrier,Lunar Taunt,Lunar Heal,,"Event | Void Jars | Void Event 2025 | Legacy
Chest | Memory Chest 2 | Abyss Shop | Current",246
Void Iceplate,Void,Ice,1482000,35672000,231170,11131000,0,,Standard,Ice Road,Ex Iceball,,Capturer's Boon | 25,"Event | Void Jars | Void Event 2025 | Legacy
Chest | Memory Chest 2 | Abyss Shop | Current",247
Void Scythewing,Void,Ground,2484000,26585000,346740,7420300,0,,Standard,GaleMoon Blade,Crimson Burst,Barrier,,"Event | Void Jars | Void Event 2025 | Legacy
Chest | Memory Chest 2 | Abyss Shop | Current",248
Void Shadecloak,Void,Common,1057070,11311000,346740,7420300,0,,Standard,Barrier,Soul Reap Chain,,,Egg | Void Purple Egg | Blossom Haven | Current,249
Void Strum Bones,Void,Common,2090000,89450000,173370,14843000,10,,Standard,Demonic Lullaby,Healing Pulse,,"Mentor Spirit | 35
Fortune Spirit | 35",Island Special Spawn | Special Spawn | Specter Shallows | Current,250
Void Nightveil,Void,Dark,3350000,18300000,485420,5300300,15,Void Shadecloak,Standard,The Ring,Soul Reap Chain,,Trial Power | 60,Evolution | Void Shadecloak Evolution |  | Current |  | Evolves from Void Shadecloak.,251
Void Scareaper,Void,Dark,1741000,167690000,115583,22261000,0,,Standard,Fear Taunt,Reaper's Crescents,,Capturer's Boon | 25,"Egg | Scareaper's Egg | Specter Shallows | Current
Chest | Memory Chest 1 | Abyss Shop | Current",252
Icearia,Mythical,Ice,880854,13570492,288990,8904400,10,,Standard,Icicle Prison,Frosty Dart,,,Contest | Art Contest |  | Unavailable,253